-- --------------------------------------------------------
-- 主機:                           127.0.0.1
-- 伺服器版本:                        10.11.4-MariaDB - mariadb.org binary distribution
-- 伺服器作業系統:                      Win64
-- HeidiSQL 版本:                  12.3.0.6589
-- --------------------------------------------------------

/*!40101 SET @OLD_CHARACTER_SET_CLIENT=@@CHARACTER_SET_CLIENT */;
/*!40101 SET NAMES utf8 */;
/*!50503 SET NAMES utf8mb4 */;
/*!40103 SET @OLD_TIME_ZONE=@@TIME_ZONE */;
/*!40103 SET TIME_ZONE='+00:00' */;
/*!40014 SET @OLD_FOREIGN_KEY_CHECKS=@@FOREIGN_KEY_CHECKS, FOREIGN_KEY_CHECKS=0 */;
/*!40101 SET @OLD_SQL_MODE=@@SQL_MODE, SQL_MODE='NO_AUTO_VALUE_ON_ZERO' */;
/*!40111 SET @OLD_SQL_NOTES=@@SQL_NOTES, SQL_NOTES=0 */;

-- 傾印  資料表 malltest.cart 結構
CREATE TABLE IF NOT EXISTS `cart` (
  `cart_id` int(11) NOT NULL AUTO_INCREMENT,
  `user_id` int(11) NOT NULL,
  `total_amount` int(11) NOT NULL,
  `created_date` datetime NOT NULL,
  `last_modified_date` datetime NOT NULL,
  PRIMARY KEY (`cart_id`)
) ENGINE=InnoDB AUTO_INCREMENT=516 DEFAULT CHARSET=latin1 COLLATE=latin1_swedish_ci;

-- 正在傾印表格  malltest.cart 的資料：~514 rows (近似值)
INSERT INTO `cart` (`cart_id`, `user_id`, `total_amount`, `created_date`, `last_modified_date`) VALUES
	(2, 1, 1800000, '2023-09-09 16:27:49', '2023-09-09 16:27:49'),
	(3, 1, 1800000, '2023-09-09 16:30:00', '2023-09-09 16:30:00'),
	(4, 1, 1800000, '2023-09-10 06:22:51', '2023-09-10 06:22:51'),
	(5, 1, 1800000, '2023-09-10 08:36:39', '2023-09-10 08:36:39'),
	(6, 5, 1800000, '2023-09-10 09:43:35', '2023-09-10 09:43:35'),
	(7, 5, 1800000, '2023-09-10 09:53:53', '2023-09-10 09:53:53'),
	(8, 5, 1800000, '2023-09-10 09:54:39', '2023-09-10 09:54:39'),
	(9, 7, 600000, '2023-09-10 10:39:15', '2023-09-10 10:39:15'),
	(10, 7, 600000, '2023-09-10 10:39:45', '2023-09-10 10:39:45'),
	(11, 7, 100000, '2023-09-11 05:55:00', '2023-09-11 05:55:00'),
	(12, 7, 600000, '2023-09-11 08:35:48', '2023-09-11 08:35:48'),
	(13, 7, 600000, '2023-09-11 09:12:23', '2023-09-11 09:12:23'),
	(14, 7, 600000, '2023-09-11 13:03:06', '2023-09-11 13:03:06'),
	(15, 7, 100000, '2023-09-12 03:39:38', '2023-09-12 03:39:38'),
	(16, 7, 30, '2023-09-12 03:39:46', '2023-09-12 03:39:46'),
	(17, 7, 30, '2023-09-12 10:13:14', '2023-09-12 10:13:14'),
	(18, 7, 100000, '2023-09-12 10:13:22', '2023-09-12 10:13:22'),
	(19, 7, 450000, '2023-09-13 01:15:19', '2023-09-13 01:15:19'),
	(20, 7, 600000, '2023-09-13 01:15:27', '2023-09-13 01:15:27'),
	(21, 7, 450000, '2023-09-13 01:21:54', '2023-09-13 01:21:54'),
	(22, 7, 450000, '2023-09-13 01:22:07', '2023-09-13 01:22:07'),
	(23, 7, 600000, '2023-09-13 01:22:09', '2023-09-13 01:22:09'),
	(24, 7, 600000, '2023-09-13 01:35:52', '2023-09-13 01:35:52'),
	(25, 7, 30, '2023-09-13 01:35:57', '2023-09-13 01:35:57'),
	(26, 7, 30, '2023-09-13 01:39:16', '2023-09-13 01:39:16'),
	(27, 7, 600000, '2023-09-13 01:39:39', '2023-09-13 01:39:39'),
	(28, 7, 30, '2023-09-13 01:45:32', '2023-09-13 01:45:32'),
	(29, 7, 30, '2023-09-13 02:02:17', '2023-09-13 02:02:17'),
	(30, 7, 100000, '2023-09-13 02:11:06', '2023-09-13 02:11:06'),
	(31, 7, 600000, '2023-09-13 02:20:43', '2023-09-13 02:20:43'),
	(32, 7, 30, '2023-09-13 02:29:20', '2023-09-13 02:29:20'),
	(33, 7, 30, '2023-09-13 02:58:37', '2023-09-13 02:58:37'),
	(34, 7, 100000, '2023-09-13 03:29:05', '2023-09-13 03:29:05'),
	(35, 7, 30, '2023-09-13 08:10:50', '2023-09-13 08:10:50'),
	(36, 7, 300, '2023-09-13 08:12:15', '2023-09-13 08:12:15'),
	(37, 7, 100000, '2023-09-13 08:48:55', '2023-09-13 08:48:55'),
	(38, 7, 2400000, '2023-09-13 09:36:09', '2023-09-13 09:36:09'),
	(39, 7, 30, '2023-09-13 09:56:24', '2023-09-13 09:56:24'),
	(40, 7, 1000000, '2023-09-13 09:56:33', '2023-09-13 09:56:33'),
	(41, 7, 500000, '2023-09-13 10:21:08', '2023-09-13 10:21:08'),
	(42, 7, 600000, '2023-09-13 10:26:26', '2023-09-13 10:26:26'),
	(43, 7, 600000, '2023-09-13 10:26:27', '2023-09-13 10:26:27'),
	(44, 7, 600000, '2023-09-13 10:26:59', '2023-09-13 10:26:59'),
	(45, 7, 1200000, '2023-09-13 10:27:03', '2023-09-13 10:27:03'),
	(46, 7, 450000, '2023-09-13 10:28:00', '2023-09-13 10:28:00'),
	(47, 7, 600000, '2023-09-13 10:28:19', '2023-09-13 10:28:19'),
	(48, 7, 100000, '2023-09-13 10:28:33', '2023-09-13 10:28:33'),
	(49, 7, 300, '2023-09-13 10:28:48', '2023-09-13 10:28:48'),
	(50, 7, 10, '2023-09-13 10:28:55', '2023-09-13 10:28:55'),
	(51, 7, 10, '2023-09-13 10:28:55', '2023-09-13 10:28:55'),
	(52, 7, 450000, '2023-09-13 10:36:47', '2023-09-13 10:36:47'),
	(53, 7, 600000, '2023-09-13 10:46:37', '2023-09-13 10:46:37'),
	(54, 7, 600000, '2023-09-13 10:46:37', '2023-09-13 10:46:37'),
	(55, 7, 600000, '2023-09-13 10:47:08', '2023-09-13 10:47:08'),
	(56, 7, 600000, '2023-09-13 10:47:08', '2023-09-13 10:47:08'),
	(57, 7, 300, '2023-09-13 10:47:19', '2023-09-13 10:47:19'),
	(58, 7, 300, '2023-09-13 10:47:20', '2023-09-13 10:47:20'),
	(59, 7, 300, '2023-09-13 10:47:20', '2023-09-13 10:47:20'),
	(60, 7, 10, '2023-09-13 10:47:29', '2023-09-13 10:47:29'),
	(61, 7, 10, '2023-09-13 10:47:29', '2023-09-13 10:47:29'),
	(62, 7, 600000, '2023-09-13 11:13:52', '2023-09-13 11:13:52'),
	(63, 7, 600000, '2023-09-13 11:13:52', '2023-09-13 11:13:52'),
	(64, 7, 600000, '2023-09-13 11:13:52', '2023-09-13 11:13:52'),
	(65, 7, 600000, '2023-09-13 12:20:45', '2023-09-13 12:20:45'),
	(66, 7, 600000, '2023-09-13 12:20:45', '2023-09-13 12:20:45'),
	(67, 7, 600000, '2023-09-13 12:20:46', '2023-09-13 12:20:46'),
	(68, 7, 600000, '2023-09-13 12:21:27', '2023-09-13 12:21:27'),
	(69, 7, 600000, '2023-09-13 12:21:27', '2023-09-13 12:21:27'),
	(70, 7, 600000, '2023-09-13 12:21:27', '2023-09-13 12:21:27'),
	(71, 7, 600000, '2023-09-13 12:21:41', '2023-09-13 12:21:41'),
	(72, 7, 600000, '2023-09-13 12:21:42', '2023-09-13 12:21:42'),
	(73, 7, 600000, '2023-09-13 12:21:42', '2023-09-13 12:21:42'),
	(74, 7, 600000, '2023-09-13 12:21:43', '2023-09-13 12:21:43'),
	(75, 7, 600000, '2023-09-13 12:21:43', '2023-09-13 12:21:43'),
	(76, 7, 600000, '2023-09-13 12:21:45', '2023-09-13 12:21:45'),
	(77, 7, 600000, '2023-09-13 12:21:45', '2023-09-13 12:21:45'),
	(78, 7, 600000, '2023-09-13 13:02:20', '2023-09-13 13:02:20'),
	(79, 7, 600000, '2023-09-13 13:02:21', '2023-09-13 13:02:21'),
	(80, 7, 600000, '2023-09-13 13:02:21', '2023-09-13 13:02:21'),
	(81, 7, 10, '2023-09-13 13:02:48', '2023-09-13 13:02:48'),
	(82, 7, 10, '2023-09-13 13:02:48', '2023-09-13 13:02:48'),
	(83, 7, 10, '2023-09-13 13:02:48', '2023-09-13 13:02:48'),
	(84, 7, 10, '2023-09-13 13:02:49', '2023-09-13 13:02:49'),
	(85, 7, 10, '2023-09-13 13:02:49', '2023-09-13 13:02:49'),
	(86, 7, 10, '2023-09-13 13:02:50', '2023-09-13 13:02:50'),
	(87, 7, 600000, '2023-09-13 13:03:16', '2023-09-13 13:03:16'),
	(88, 7, 10, '2023-09-13 13:03:25', '2023-09-13 13:03:25'),
	(89, 7, 600000, '2023-09-13 13:14:34', '2023-09-13 13:14:34'),
	(90, 7, 600000, '2023-09-14 07:42:49', '2023-09-14 07:42:49'),
	(91, 7, 10, '2023-09-14 07:42:55', '2023-09-14 07:42:55'),
	(92, 7, 600000, '2023-09-15 00:44:38', '2023-09-15 00:44:38'),
	(93, 7, 600000, '2023-09-15 01:04:56', '2023-09-15 01:04:56'),
	(94, 7, 10, '2023-09-15 01:05:04', '2023-09-15 01:05:04'),
	(95, 7, 600000, '2023-09-15 01:06:56', '2023-09-15 01:06:56'),
	(96, 7, 600000, '2023-09-15 01:39:23', '2023-09-15 01:39:23'),
	(97, 7, 10, '2023-09-15 01:39:29', '2023-09-15 01:39:29'),
	(98, 7, 600000, '2023-09-15 01:42:57', '2023-09-15 01:42:57'),
	(99, 7, 10, '2023-09-15 01:43:03', '2023-09-15 01:43:03'),
	(100, 7, 600000, '2023-09-15 01:43:36', '2023-09-15 01:43:36'),
	(101, 7, 600000, '2023-09-15 01:43:57', '2023-09-15 01:43:57'),
	(102, 7, 600000, '2023-09-15 01:44:03', '2023-09-15 01:44:03'),
	(103, 7, 100000, '2023-09-15 01:47:17', '2023-09-15 01:47:17'),
	(104, 7, 100000, '2023-09-15 01:47:23', '2023-09-15 01:47:23'),
	(105, 7, 600000, '2023-09-15 02:00:57', '2023-09-15 02:00:57'),
	(106, 7, 500000, '2023-09-15 02:01:01', '2023-09-15 02:01:01'),
	(107, 7, 2400000, '2023-09-15 02:07:32', '2023-09-15 02:07:32'),
	(108, 7, 450000, '2023-09-15 07:58:31', '2023-09-15 07:58:31'),
	(109, 7, 300, '2023-09-15 07:58:37', '2023-09-15 07:58:37'),
	(110, 7, 500000, '2023-09-15 08:42:52', '2023-09-15 08:42:52'),
	(111, 7, 30, '2023-09-15 08:42:57', '2023-09-15 08:42:57'),
	(112, 7, 450000, '2023-09-15 09:03:00', '2023-09-15 09:03:00'),
	(113, 7, 500000, '2023-09-15 09:03:04', '2023-09-15 09:03:04'),
	(114, 7, 500000, '2023-09-15 09:08:19', '2023-09-15 09:08:19'),
	(115, 7, 30, '2023-09-15 09:08:24', '2023-09-15 09:08:24'),
	(116, 7, 600000, '2023-09-15 09:19:33', '2023-09-15 09:19:33'),
	(117, 7, 500000, '2023-09-15 09:19:36', '2023-09-15 09:19:36'),
	(118, 7, 30, '2023-09-15 09:46:40', '2023-09-15 09:46:40'),
	(119, 7, 600000, '2023-09-15 09:46:42', '2023-09-15 09:46:42'),
	(120, 7, 600000, '2023-09-15 10:24:30', '2023-09-15 10:24:30'),
	(121, 7, 30, '2023-09-15 10:24:34', '2023-09-15 10:24:34'),
	(122, 7, 450000, '2023-09-15 11:49:42', '2023-09-15 11:49:42'),
	(123, 7, 30, '2023-09-15 11:49:46', '2023-09-15 11:49:46'),
	(124, 7, 450000, '2023-09-15 12:45:55', '2023-09-15 12:45:55'),
	(125, 7, 600000, '2023-09-15 12:45:57', '2023-09-15 12:45:57'),
	(126, 7, 600000, '2023-09-15 12:58:49', '2023-09-15 12:58:49'),
	(127, 7, 30, '2023-09-15 12:58:53', '2023-09-15 12:58:53'),
	(128, 7, 450000, '2023-09-15 13:01:30', '2023-09-15 13:01:30'),
	(129, 7, 30, '2023-09-15 13:01:35', '2023-09-15 13:01:35'),
	(130, 7, 450000, '2023-09-15 13:14:27', '2023-09-15 13:14:27'),
	(131, 7, 100000, '2023-09-15 13:14:30', '2023-09-15 13:14:30'),
	(132, 7, 450000, '2023-09-15 13:16:25', '2023-09-15 13:16:25'),
	(133, 7, 500000, '2023-09-15 13:16:30', '2023-09-15 13:16:30'),
	(134, 7, 600000, '2023-09-15 13:19:38', '2023-09-15 13:19:38'),
	(135, 7, 500000, '2023-09-15 13:19:41', '2023-09-15 13:19:41'),
	(136, 7, 600000, '2023-09-15 13:57:23', '2023-09-15 13:57:23'),
	(137, 7, 100000, '2023-09-15 13:57:27', '2023-09-15 13:57:27'),
	(138, 7, 600000, '2023-09-15 14:09:39', '2023-09-15 14:09:39'),
	(139, 7, 100000, '2023-09-15 14:09:42', '2023-09-15 14:09:42'),
	(140, 7, 450000, '2023-09-15 15:14:23', '2023-09-15 15:14:23'),
	(141, 7, 600000, '2023-09-15 15:14:25', '2023-09-15 15:14:25'),
	(142, 7, 600000, '2023-09-15 16:08:42', '2023-09-15 16:08:42'),
	(143, 7, 30, '2023-09-15 16:08:48', '2023-09-15 16:08:48'),
	(144, 7, 450000, '2023-09-15 16:10:09', '2023-09-15 16:10:09'),
	(145, 7, 100000, '2023-09-15 16:10:13', '2023-09-15 16:10:13'),
	(146, 7, 600000, '2023-09-15 16:16:31', '2023-09-15 16:16:31'),
	(147, 7, 600000, '2023-09-15 16:16:31', '2023-09-15 16:16:31'),
	(148, 7, 100000, '2023-09-15 16:16:35', '2023-09-15 16:16:35'),
	(149, 9, 100000, '2023-09-15 16:32:50', '2023-09-15 16:32:50'),
	(150, 9, 500000, '2023-09-15 16:33:34', '2023-09-15 16:33:34'),
	(151, 9, 100000, '2023-09-15 16:33:39', '2023-09-15 16:33:39'),
	(152, 9, 450000, '2023-09-15 17:10:08', '2023-09-15 17:10:08'),
	(153, 9, 30, '2023-09-15 17:10:14', '2023-09-15 17:10:14'),
	(154, 9, 450000, '2023-09-15 18:15:15', '2023-09-15 18:15:15'),
	(155, 9, 450000, '2023-09-15 18:23:45', '2023-09-15 18:23:45'),
	(156, 9, 600000, '2023-09-15 18:41:10', '2023-09-15 18:41:10'),
	(157, 9, 450000, '2023-09-15 18:42:42', '2023-09-15 18:42:42'),
	(158, 9, 450000, '2023-09-15 18:47:43', '2023-09-15 18:47:43'),
	(159, 9, 450000, '2023-09-15 18:53:02', '2023-09-15 18:53:02'),
	(160, 9, 450000, '2023-09-15 18:53:13', '2023-09-15 18:53:13'),
	(161, 9, 600000, '2023-09-15 18:54:34', '2023-09-15 18:54:34'),
	(162, 9, 450000, '2023-09-16 02:31:17', '2023-09-16 02:31:17'),
	(163, 9, 450000, '2023-09-16 02:40:27', '2023-09-16 02:40:27'),
	(164, 5, 1800000, '2023-09-16 02:48:23', '2023-09-16 02:48:23'),
	(165, 5, 1800000, '2023-09-16 02:48:46', '2023-09-16 02:48:46'),
	(166, 5, 1800000, '2023-09-16 02:49:00', '2023-09-16 02:49:00'),
	(167, 9, 450000, '2023-09-16 02:49:37', '2023-09-16 02:49:37'),
	(168, 9, 450000, '2023-09-16 02:49:38', '2023-09-16 02:49:38'),
	(169, 9, 450000, '2023-09-16 02:50:20', '2023-09-16 02:50:20'),
	(170, 9, 600000, '2023-09-16 02:50:54', '2023-09-16 02:50:54'),
	(171, 9, 500000, '2023-09-16 02:50:57', '2023-09-16 02:50:57'),
	(172, 9, 500000, '2023-09-16 10:58:28', '2023-09-16 10:58:28'),
	(173, 9, 100000, '2023-09-16 10:58:35', '2023-09-16 10:58:35'),
	(174, 9, 600000, '2023-09-16 11:03:11', '2023-09-16 11:03:11'),
	(175, 9, 100000, '2023-09-16 11:03:14', '2023-09-16 11:03:14'),
	(176, 9, 600000, '2023-09-16 11:03:17', '2023-09-16 11:03:17'),
	(177, 9, 450000, '2023-09-16 11:06:04', '2023-09-16 11:06:04'),
	(178, 9, 600000, '2023-09-16 11:06:07', '2023-09-16 11:06:07'),
	(179, 9, 600000, '2023-09-16 11:06:10', '2023-09-16 11:06:10'),
	(180, 9, 500000, '2023-09-16 11:22:24', '2023-09-16 11:22:24'),
	(181, 9, 450000, '2023-09-16 11:37:40', '2023-09-16 11:37:40'),
	(182, 9, 500000, '2023-09-16 11:37:51', '2023-09-16 11:37:51'),
	(183, 9, 600000, '2023-09-16 11:37:59', '2023-09-16 11:37:59'),
	(184, 9, 600000, '2023-09-16 11:44:54', '2023-09-16 11:44:54'),
	(185, 9, 500000, '2023-09-16 11:45:00', '2023-09-16 11:45:00'),
	(186, 9, 450000, '2023-09-16 11:45:27', '2023-09-16 11:45:27'),
	(187, 9, 100000, '2023-09-16 11:45:30', '2023-09-16 11:45:30'),
	(188, 9, 600000, '2023-09-16 12:01:20', '2023-09-16 12:01:20'),
	(189, 9, 500000, '2023-09-16 12:01:23', '2023-09-16 12:01:23'),
	(190, 9, 500000, '2023-09-16 12:04:59', '2023-09-16 12:04:59'),
	(191, 9, 10, '2023-09-16 12:05:04', '2023-09-16 12:05:04'),
	(192, 9, 100000, '2023-09-16 12:07:14', '2023-09-16 12:07:14'),
	(193, 9, 450000, '2023-09-16 13:00:57', '2023-09-16 13:00:57'),
	(194, 9, 100000, '2023-09-16 13:01:00', '2023-09-16 13:01:00'),
	(195, 9, 450000, '2023-09-16 13:20:31', '2023-09-16 13:20:31'),
	(196, 9, 500000, '2023-09-16 13:20:35', '2023-09-16 13:20:35'),
	(197, 9, 450000, '2023-09-16 13:33:32', '2023-09-16 13:33:32'),
	(198, 9, 500000, '2023-09-16 13:33:36', '2023-09-16 13:33:36'),
	(199, 6, 600000, '2023-09-16 13:55:34', '2023-09-16 13:55:34'),
	(200, 6, 450000, '2023-09-16 13:55:37', '2023-09-16 13:55:37'),
	(201, 6, 500000, '2023-09-16 13:55:40', '2023-09-16 13:55:40'),
	(202, 6, 450000, '2023-09-16 14:13:08', '2023-09-16 14:13:08'),
	(203, 6, 500000, '2023-09-16 14:13:11', '2023-09-16 14:13:11'),
	(204, 6, 450000, '2023-09-16 14:27:40', '2023-09-16 14:27:40'),
	(205, 6, 100000, '2023-09-16 14:27:43', '2023-09-16 14:27:43'),
	(206, 6, 500000, '2023-09-16 14:28:04', '2023-09-16 14:28:04'),
	(207, 6, 30, '2023-09-16 14:28:08', '2023-09-16 14:28:08'),
	(208, 6, 600000, '2023-09-16 15:39:50', '2023-09-16 15:39:50'),
	(209, 6, 100000, '2023-09-16 15:39:53', '2023-09-16 15:39:53'),
	(210, 6, 450000, '2023-09-16 15:51:27', '2023-09-16 15:51:27'),
	(211, 6, 500000, '2023-09-16 15:51:30', '2023-09-16 15:51:30'),
	(212, 6, 450000, '2023-09-16 15:52:52', '2023-09-16 15:52:52'),
	(213, 6, 500000, '2023-09-16 15:52:56', '2023-09-16 15:52:56'),
	(214, 6, 450000, '2023-09-16 16:04:25', '2023-09-16 16:04:25'),
	(215, 6, 500000, '2023-09-16 16:04:29', '2023-09-16 16:04:29'),
	(216, 6, 450000, '2023-09-16 16:15:32', '2023-09-16 16:15:32'),
	(217, 6, 500000, '2023-09-16 16:15:35', '2023-09-16 16:15:35'),
	(218, 6, 450000, '2023-09-16 16:21:21', '2023-09-16 16:21:21'),
	(219, 6, 100000, '2023-09-16 16:21:24', '2023-09-16 16:21:24'),
	(220, 6, 450000, '2023-09-16 16:21:47', '2023-09-16 16:21:47'),
	(221, 6, 100000, '2023-09-16 16:21:50', '2023-09-16 16:21:50'),
	(222, 6, 450000, '2023-09-16 16:30:18', '2023-09-16 16:30:18'),
	(223, 6, 500000, '2023-09-16 16:30:21', '2023-09-16 16:30:21'),
	(224, 6, 450000, '2023-09-16 16:44:18', '2023-09-16 16:44:18'),
	(225, 6, 100000, '2023-09-16 16:44:20', '2023-09-16 16:44:20'),
	(226, 6, 450000, '2023-09-16 16:58:36', '2023-09-16 16:58:36'),
	(227, 6, 500000, '2023-09-16 16:58:40', '2023-09-16 16:58:40'),
	(228, 6, 450000, '2023-09-16 17:01:13', '2023-09-16 17:01:13'),
	(229, 6, 100000, '2023-09-16 17:01:16', '2023-09-16 17:01:16'),
	(230, 6, 450000, '2023-09-17 08:49:07', '2023-09-17 08:49:07'),
	(231, 6, 100000, '2023-09-17 08:49:09', '2023-09-17 08:49:09'),
	(232, 6, 600000, '2023-09-17 09:47:10', '2023-09-17 09:47:10'),
	(233, 6, 450000, '2023-09-17 09:48:54', '2023-09-17 09:48:54'),
	(234, 6, 100000, '2023-09-17 09:48:57', '2023-09-17 09:48:57'),
	(235, 6, 450000, '2023-09-17 10:00:28', '2023-09-17 10:00:28'),
	(236, 6, 600000, '2023-09-17 10:00:30', '2023-09-17 10:00:30'),
	(237, 6, 600000, '2023-09-17 10:22:21', '2023-09-17 10:22:21'),
	(238, 1, 600000, '2023-09-17 11:51:59', '2023-09-17 11:51:59'),
	(239, 1, 100000, '2023-09-17 11:52:02', '2023-09-17 11:52:02'),
	(240, 1, 450000, '2023-09-17 12:21:34', '2023-09-17 12:21:34'),
	(241, 1, 600000, '2023-09-17 12:21:37', '2023-09-17 12:21:37'),
	(242, 1, 450000, '2023-09-17 12:44:01', '2023-09-17 12:44:01'),
	(243, 1, 500000, '2023-09-17 13:03:38', '2023-09-17 13:03:38'),
	(244, 1, 500000, '2023-09-17 13:03:40', '2023-09-17 13:03:40'),
	(245, 1, 500000, '2023-09-17 13:03:41', '2023-09-17 13:03:41'),
	(246, 1, 500000, '2023-09-17 13:03:41', '2023-09-17 13:03:41'),
	(247, 1, 450000, '2023-09-17 13:35:41', '2023-09-17 13:35:41'),
	(248, 1, 450000, '2023-09-17 13:35:41', '2023-09-17 13:35:41'),
	(249, 1, 450000, '2023-09-17 13:35:41', '2023-09-17 13:35:41'),
	(250, 1, 600000, '2023-09-17 15:22:35', '2023-09-17 15:22:35'),
	(251, 1, 600000, '2023-09-17 15:22:35', '2023-09-17 15:22:35'),
	(252, 1, 600000, '2023-09-17 15:22:35', '2023-09-17 15:22:35'),
	(253, 1, 600000, '2023-09-17 15:22:35', '2023-09-17 15:22:35'),
	(254, 1, 600000, '2023-09-17 15:22:35', '2023-09-17 15:22:35'),
	(255, 1, 600000, '2023-09-17 15:22:35', '2023-09-17 15:22:35'),
	(256, 1, 600000, '2023-09-17 15:22:36', '2023-09-17 15:22:36'),
	(257, 1, 600000, '2023-09-17 15:22:36', '2023-09-17 15:22:36'),
	(258, 1, 600000, '2023-09-17 15:22:36', '2023-09-17 15:22:36'),
	(259, 1, 600000, '2023-09-17 15:22:36', '2023-09-17 15:22:36'),
	(260, 1, 600000, '2023-09-17 15:22:37', '2023-09-17 15:22:37'),
	(261, 1, 600000, '2023-09-17 15:22:37', '2023-09-17 15:22:37'),
	(262, 1, 600000, '2023-09-17 15:22:38', '2023-09-17 15:22:38'),
	(263, 1, 600000, '2023-09-17 15:22:38', '2023-09-17 15:22:38'),
	(264, 1, 600000, '2023-09-17 15:22:38', '2023-09-17 15:22:38'),
	(265, 1, 600000, '2023-09-17 15:22:42', '2023-09-17 15:22:42'),
	(266, 1, 600000, '2023-09-17 15:22:42', '2023-09-17 15:22:42'),
	(267, 1, 600000, '2023-09-17 15:22:42', '2023-09-17 15:22:42'),
	(268, 1, 600000, '2023-09-17 15:22:42', '2023-09-17 15:22:42'),
	(269, 1, 600000, '2023-09-17 15:22:43', '2023-09-17 15:22:43'),
	(270, 1, 600000, '2023-09-17 15:22:43', '2023-09-17 15:22:43'),
	(271, 1, 600000, '2023-09-17 15:22:43', '2023-09-17 15:22:43'),
	(272, 1, 600000, '2023-09-17 15:22:43', '2023-09-17 15:22:43'),
	(273, 1, 450000, '2023-09-17 15:23:10', '2023-09-17 15:23:10'),
	(274, 1, 100000, '2023-09-17 15:23:14', '2023-09-17 15:23:14'),
	(275, 1, 600000, '2023-09-17 15:23:46', '2023-09-17 15:23:46'),
	(276, 1, 450000, '2023-09-17 16:17:16', '2023-09-17 16:17:16'),
	(277, 1, 600000, '2023-09-17 16:17:19', '2023-09-17 16:17:19'),
	(278, 1, 450000, '2023-09-17 16:17:38', '2023-09-17 16:17:38'),
	(279, 1, 100000, '2023-09-17 16:17:40', '2023-09-17 16:17:40'),
	(280, 1, 500000, '2023-09-17 16:17:50', '2023-09-17 16:17:50'),
	(281, 1, 500000, '2023-09-17 16:17:51', '2023-09-17 16:17:51'),
	(282, 1, 500000, '2023-09-17 16:17:51', '2023-09-17 16:17:51'),
	(283, 1, 600000, '2023-09-17 16:18:57', '2023-09-17 16:18:57'),
	(284, 6, 500000, '2023-09-17 16:48:07', '2023-09-17 16:48:07'),
	(285, 6, 100000, '2023-09-17 16:48:10', '2023-09-17 16:48:10'),
	(286, 6, 100000, '2023-09-17 16:48:12', '2023-09-17 16:48:12'),
	(287, 6, 600000, '2023-09-17 16:53:08', '2023-09-17 16:53:08'),
	(288, 6, 600000, '2023-09-17 16:53:20', '2023-09-17 16:53:20'),
	(289, 6, 600000, '2023-09-17 16:53:23', '2023-09-17 16:53:23'),
	(290, 6, 600000, '2023-09-17 16:53:23', '2023-09-17 16:53:23'),
	(291, 6, 600000, '2023-09-17 16:53:23', '2023-09-17 16:53:23'),
	(292, 6, 600000, '2023-09-17 16:53:43', '2023-09-17 16:53:43'),
	(293, 6, 450000, '2023-09-17 16:56:23', '2023-09-17 16:56:23'),
	(294, 6, 450000, '2023-09-17 16:56:24', '2023-09-17 16:56:24'),
	(295, 6, 450000, '2023-09-17 16:56:25', '2023-09-17 16:56:25'),
	(296, 6, 450000, '2023-09-17 16:56:25', '2023-09-17 16:56:25'),
	(297, 6, 450000, '2023-09-17 16:56:28', '2023-09-17 16:56:28'),
	(298, 6, 450000, '2023-09-17 16:56:30', '2023-09-17 16:56:30'),
	(299, 6, 450000, '2023-09-17 16:57:01', '2023-09-17 16:57:01'),
	(300, 6, 600000, '2023-09-17 16:57:04', '2023-09-17 16:57:04'),
	(301, 6, 600000, '2023-09-17 16:57:05', '2023-09-17 16:57:05'),
	(302, 6, 600000, '2023-09-17 16:57:11', '2023-09-17 16:57:11'),
	(303, 6, 100000, '2023-09-17 16:58:54', '2023-09-17 16:58:54'),
	(304, 6, 100000, '2023-09-17 16:58:55', '2023-09-17 16:58:55'),
	(305, 6, 500000, '2023-09-17 16:59:09', '2023-09-17 16:59:09'),
	(306, 6, 600000, '2023-09-17 17:02:42', '2023-09-17 17:02:42'),
	(307, 6, 600000, '2023-09-17 17:02:43', '2023-09-17 17:02:43'),
	(308, 6, 600000, '2023-09-17 17:02:44', '2023-09-17 17:02:44'),
	(309, 6, 600000, '2023-09-17 17:02:45', '2023-09-17 17:02:45'),
	(310, 6, 600000, '2023-09-17 17:05:06', '2023-09-17 17:05:06'),
	(311, 6, 600000, '2023-09-17 17:05:07', '2023-09-17 17:05:07'),
	(312, 6, 600000, '2023-09-17 17:05:07', '2023-09-17 17:05:07'),
	(313, 6, 600000, '2023-09-17 17:05:08', '2023-09-17 17:05:08'),
	(314, 6, 600000, '2023-09-17 17:05:08', '2023-09-17 17:05:08'),
	(315, 6, 600000, '2023-09-17 17:05:08', '2023-09-17 17:05:08'),
	(316, 6, 600000, '2023-09-17 17:05:08', '2023-09-17 17:05:08'),
	(317, 6, 600000, '2023-09-17 17:05:08', '2023-09-17 17:05:08'),
	(318, 6, 600000, '2023-09-17 17:05:09', '2023-09-17 17:05:09'),
	(319, 6, 600000, '2023-09-17 17:05:09', '2023-09-17 17:05:09'),
	(320, 6, 600000, '2023-09-17 17:05:09', '2023-09-17 17:05:09'),
	(321, 6, 600000, '2023-09-17 17:05:10', '2023-09-17 17:05:10'),
	(322, 6, 600000, '2023-09-17 17:05:22', '2023-09-17 17:05:22'),
	(323, 6, 500000, '2023-09-17 17:06:11', '2023-09-17 17:06:11'),
	(324, 6, 500000, '2023-09-17 17:06:15', '2023-09-17 17:06:15'),
	(325, 6, 500000, '2023-09-17 17:10:29', '2023-09-17 17:10:29'),
	(326, 6, 500000, '2023-09-17 17:10:30', '2023-09-17 17:10:30'),
	(327, 6, 500000, '2023-09-17 17:10:31', '2023-09-17 17:10:31'),
	(328, 6, 500000, '2023-09-17 17:10:31', '2023-09-17 17:10:31'),
	(329, 6, 500000, '2023-09-17 17:10:31', '2023-09-17 17:10:31'),
	(330, 6, 500000, '2023-09-17 17:10:32', '2023-09-17 17:10:32'),
	(331, 6, 500000, '2023-09-17 17:10:40', '2023-09-17 17:10:40'),
	(332, 6, 450000, '2023-09-17 17:28:17', '2023-09-17 17:28:17'),
	(333, 6, 450000, '2023-09-17 17:28:17', '2023-09-17 17:28:17'),
	(334, 6, 450000, '2023-09-17 17:28:17', '2023-09-17 17:28:17'),
	(335, 6, 450000, '2023-09-17 17:28:17', '2023-09-17 17:28:17'),
	(336, 6, 450000, '2023-09-17 17:28:17', '2023-09-17 17:28:17'),
	(337, 6, 500000, '2023-09-17 17:28:25', '2023-09-17 17:28:25'),
	(338, 6, 600000, '2023-09-17 17:28:28', '2023-09-17 17:28:28'),
	(339, 6, 30, '2023-09-17 17:28:34', '2023-09-17 17:28:34'),
	(340, 6, 600000, '2023-09-17 17:29:02', '2023-09-17 17:29:02'),
	(341, 6, 500000, '2023-09-17 17:29:41', '2023-09-17 17:29:41'),
	(342, 6, 450000, '2023-09-17 17:29:50', '2023-09-17 17:29:50'),
	(343, 6, 500000, '2023-09-17 17:31:06', '2023-09-17 17:31:06'),
	(344, 6, 500000, '2023-09-17 17:31:09', '2023-09-17 17:31:09'),
	(345, 6, 100000, '2023-09-17 17:31:14', '2023-09-17 17:31:14'),
	(346, 6, 30, '2023-09-17 17:31:18', '2023-09-17 17:31:18'),
	(347, 1, 600000, '2023-09-18 05:12:49', '2023-09-18 05:12:49'),
	(348, 1, 100000, '2023-09-18 05:12:52', '2023-09-18 05:12:52'),
	(349, 1, 450000, '2023-09-18 06:04:09', '2023-09-18 06:04:09'),
	(350, 1, 600000, '2023-09-18 06:04:12', '2023-09-18 06:04:12'),
	(351, 1, 600000, '2023-09-18 06:42:59', '2023-09-18 06:42:59'),
	(352, 1, 450000, '2023-09-18 07:00:16', '2023-09-18 07:00:16'),
	(353, 1, 500000, '2023-09-18 07:00:19', '2023-09-18 07:00:19'),
	(354, 1, 450000, '2023-09-18 11:11:37', '2023-09-18 11:11:37'),
	(355, 6, 600000, '2023-09-18 12:07:05', '2023-09-18 12:07:05'),
	(356, 6, 30, '2023-09-18 12:07:10', '2023-09-18 12:07:10'),
	(357, 6, 450000, '2023-09-18 12:34:54', '2023-09-18 12:34:54'),
	(358, 6, 500000, '2023-09-18 12:34:57', '2023-09-18 12:34:57'),
	(359, 6, 450000, '2023-09-18 13:21:11', '2023-09-18 13:21:11'),
	(360, 6, 600000, '2023-09-18 13:21:14', '2023-09-18 13:21:14'),
	(361, 10, 450000, '2023-09-18 13:23:11', '2023-09-18 13:23:11'),
	(362, 10, 500000, '2023-09-18 13:23:14', '2023-09-18 13:23:14'),
	(363, 10, 500000, '2023-09-18 13:23:14', '2023-09-18 13:23:14'),
	(364, 12, 600000, '2023-09-18 13:25:41', '2023-09-18 13:25:41'),
	(365, 12, 100000, '2023-09-18 13:25:43', '2023-09-18 13:25:43'),
	(366, 12, 600000, '2023-09-18 13:36:00', '2023-09-18 13:36:00'),
	(367, 12, 100000, '2023-09-18 13:36:05', '2023-09-18 13:36:05'),
	(368, 12, 450000, '2023-09-18 13:50:04', '2023-09-18 13:50:04'),
	(369, 13, 100000, '2023-09-18 15:18:48', '2023-09-18 15:18:48'),
	(370, 13, 500000, '2023-09-18 15:18:51', '2023-09-18 15:18:51'),
	(371, 13, 450000, '2023-09-18 15:39:06', '2023-09-18 15:39:06'),
	(372, 13, 100000, '2023-09-18 15:39:10', '2023-09-18 15:39:10'),
	(373, 11, 450000, '2023-09-19 01:31:47', '2023-09-19 01:31:47'),
	(374, 11, 100000, '2023-09-19 01:31:50', '2023-09-19 01:31:50'),
	(375, 10, 600000, '2023-09-19 03:10:58', '2023-09-19 03:10:58'),
	(376, 10, 500000, '2023-09-19 03:11:01', '2023-09-19 03:11:01'),
	(377, 10, 100000, '2023-09-19 03:11:04', '2023-09-19 03:11:04'),
	(378, 10, 300, '2023-09-19 03:11:11', '2023-09-19 03:11:11'),
	(379, 11, 600000, '2023-09-19 03:37:50', '2023-09-19 03:37:50'),
	(380, 11, 100000, '2023-09-19 03:37:56', '2023-09-19 03:37:56'),
	(381, 6, 450000, '2023-09-19 05:11:18', '2023-09-19 05:11:18'),
	(382, 6, 500000, '2023-09-19 05:11:21', '2023-09-19 05:11:21'),
	(383, 6, 450000, '2023-09-20 01:04:53', '2023-09-20 01:04:53'),
	(384, 6, 450000, '2023-09-20 02:36:16', '2023-09-20 02:36:16'),
	(385, 6, 500000, '2023-09-20 02:37:23', '2023-09-20 02:37:23'),
	(386, 6, 500000, '2023-09-20 02:37:23', '2023-09-20 02:37:23'),
	(387, 6, 450000, '2023-09-20 02:37:29', '2023-09-20 02:37:29'),
	(388, 6, 100000, '2023-09-20 02:37:32', '2023-09-20 02:37:32'),
	(389, 6, 450000, '2023-09-20 02:37:58', '2023-09-20 02:37:58'),
	(390, 6, 450000, '2023-09-20 02:37:58', '2023-09-20 02:37:58'),
	(391, 10, 450000, '2023-09-20 02:41:07', '2023-09-20 02:41:07'),
	(392, 10, 450000, '2023-09-20 02:53:58', '2023-09-20 02:53:58'),
	(393, 7, 600000, '2023-09-20 12:38:51', '2023-09-20 12:38:51'),
	(394, 10, 600000, '2023-09-20 13:07:23', '2023-09-20 13:07:23'),
	(395, 10, 450000, '2023-09-20 14:06:38', '2023-09-20 14:06:38'),
	(396, 10, 450000, '2023-09-20 14:09:18', '2023-09-20 14:09:18'),
	(397, 10, 450000, '2023-09-20 15:13:02', '2023-09-20 15:13:02'),
	(398, 10, 600000, '2023-09-20 15:20:46', '2023-09-20 15:20:46'),
	(399, 10, 100000, '2023-09-20 15:28:59', '2023-09-20 15:28:59'),
	(400, 10, 30, '2023-09-20 15:29:39', '2023-09-20 15:29:39'),
	(401, 10, 450000, '2023-09-20 15:30:22', '2023-09-20 15:30:22'),
	(402, 10, 600000, '2023-09-20 15:34:20', '2023-09-20 15:34:20'),
	(403, 10, 100000, '2023-09-20 15:35:21', '2023-09-20 15:35:21'),
	(404, 10, 450000, '2023-09-20 15:36:03', '2023-09-20 15:36:03'),
	(405, 10, 10, '2023-09-20 15:38:46', '2023-09-20 15:38:46'),
	(406, 10, 500000, '2023-09-20 15:42:03', '2023-09-20 15:42:03'),
	(407, 10, 600000, '2023-09-21 12:39:47', '2023-09-21 12:39:47'),
	(408, 10, 600000, '2023-09-21 12:39:52', '2023-09-21 12:39:52'),
	(409, 10, 3600000, '2023-09-21 12:40:15', '2023-09-21 12:40:15'),
	(410, 10, 450000, '2023-09-21 12:40:51', '2023-09-21 12:40:51'),
	(411, 10, 600000, '2023-09-21 12:41:31', '2023-09-21 12:41:31'),
	(412, 10, 100000, '2023-09-21 12:41:53', '2023-09-21 12:41:53'),
	(413, 10, 100000, '2023-09-21 12:41:53', '2023-09-21 12:41:53'),
	(414, 10, 500000, '2023-09-21 12:50:23', '2023-09-21 12:50:23'),
	(415, 10, 600000, '2023-09-21 12:50:45', '2023-09-21 12:50:45'),
	(416, 10, 500000, '2023-09-21 14:23:41', '2023-09-21 14:23:41'),
	(417, 10, 600000, '2023-09-21 14:33:21', '2023-09-21 14:33:21'),
	(418, 10, 600000, '2023-09-21 14:35:18', '2023-09-21 14:35:18'),
	(419, 10, 600000, '2023-09-21 16:28:10', '2023-09-21 16:28:10'),
	(420, 10, 450000, '2023-09-21 17:20:41', '2023-09-21 17:20:41'),
	(421, 10, 450000, '2023-09-21 17:26:01', '2023-09-21 17:26:01'),
	(422, 13, 600000, '2023-09-21 17:27:20', '2023-09-21 17:27:20'),
	(423, 11, 600000, '2023-09-21 17:42:24', '2023-09-21 17:42:24'),
	(424, 11, 600000, '2023-09-21 17:58:54', '2023-09-21 17:58:54'),
	(425, 11, 600000, '2023-09-21 18:45:44', '2023-09-21 18:45:44'),
	(426, 11, 450000, '2023-09-22 00:55:55', '2023-09-22 00:55:55'),
	(427, 11, 100000, '2023-09-22 00:56:00', '2023-09-22 00:56:00'),
	(428, 11, 600000, '2023-09-22 02:55:36', '2023-09-22 02:55:36'),
	(429, 11, 600000, '2023-09-22 15:07:31', '2023-09-22 15:07:31'),
	(430, 11, 600000, '2023-09-22 15:16:21', '2023-09-22 15:16:21'),
	(431, 11, 450000, '2023-09-22 15:17:10', '2023-09-22 15:17:10'),
	(432, 11, 600000, '2023-09-22 17:51:10', '2023-09-22 17:51:10'),
	(433, 11, 600000, '2023-09-22 18:08:24', '2023-09-22 18:08:24'),
	(434, 11, 450000, '2023-09-22 18:15:41', '2023-09-22 18:15:41'),
	(435, 11, 450000, '2023-09-22 18:38:44', '2023-09-22 18:38:44'),
	(436, 12, 600000, '2023-09-23 05:10:52', '2023-09-23 05:10:52'),
	(437, 13, 450000, '2023-09-23 05:11:47', '2023-09-23 05:11:47'),
	(438, 13, 450000, '2023-09-23 05:15:41', '2023-09-23 05:15:41'),
	(439, 12, 600000, '2023-09-23 05:17:54', '2023-09-23 05:17:54'),
	(440, 14, 450000, '2023-09-23 08:02:57', '2023-09-23 08:02:57'),
	(441, 10, 600000, '2023-09-23 19:25:58', '2023-09-23 19:25:58'),
	(442, 10, 100000, '2023-09-23 19:26:01', '2023-09-23 19:26:01'),
	(443, 1, 100, '2023-09-26 08:05:12', '2023-09-26 08:05:12'),
	(444, 1, 100, '2023-09-26 08:05:17', '2023-09-26 08:05:17'),
	(445, 1, 100, '2023-09-26 08:05:17', '2023-09-26 08:05:17'),
	(446, 1, 100, '2023-09-26 08:05:18', '2023-09-26 08:05:18'),
	(447, 1, 100, '2023-09-26 08:05:18', '2023-09-26 08:05:18'),
	(448, 1, 100, '2023-09-26 08:05:18', '2023-09-26 08:05:18'),
	(449, 1, 100, '2023-09-26 08:05:18', '2023-09-26 08:05:18'),
	(450, 1, 100, '2023-09-26 08:05:19', '2023-09-26 08:05:19'),
	(451, 1, 100, '2023-09-26 08:05:43', '2023-09-26 08:05:43'),
	(452, 1, 3, '2023-09-26 08:06:09', '2023-09-26 08:06:09'),
	(453, 1, 3, '2023-09-26 08:06:45', '2023-09-26 08:06:45'),
	(454, 5, 1800000, '2023-09-26 08:09:07', '2023-09-26 08:09:07'),
	(455, 5, 1800000, '2023-09-26 08:11:37', '2023-09-26 08:11:37'),
	(456, 5, 1800000, '2023-09-26 08:16:20', '2023-09-26 08:16:20'),
	(457, 1, 3, '2023-09-26 08:16:33', '2023-09-26 08:16:33'),
	(458, 13, 3, '2023-09-26 08:17:36', '2023-09-26 08:17:36'),
	(459, 13, 30, '2023-09-26 08:37:30', '2023-09-26 08:37:30'),
	(460, 12, 100, '2023-09-26 09:04:47', '2023-09-26 09:04:47'),
	(461, 12, 3, '2023-09-26 09:12:14', '2023-09-26 09:12:14'),
	(462, 12, 100, '2023-09-26 09:12:21', '2023-09-26 09:12:21'),
	(463, 12, 100000, '2023-09-26 09:12:25', '2023-09-26 09:12:25'),
	(464, 1, 100, '2023-09-26 15:32:34', '2023-09-26 15:32:34'),
	(465, 1, 100, '2023-09-26 15:32:40', '2023-09-26 15:32:40'),
	(466, 16, 790, '2023-09-26 17:14:25', '2023-09-26 17:14:25'),
	(467, 16, 100, '2023-09-26 17:14:30', '2023-09-26 17:14:30'),
	(468, 16, 100, '2023-09-26 17:14:33', '2023-09-26 17:14:33'),
	(469, 16, 490, '2023-09-26 17:19:41', '2023-09-26 17:19:41'),
	(470, 16, 100, '2023-09-26 17:19:43', '2023-09-26 17:19:43'),
	(471, 16, 100, '2023-09-26 17:19:46', '2023-09-26 17:19:46'),
	(472, 16, 300, '2023-09-26 17:19:50', '2023-09-26 17:19:50'),
	(473, 16, 790, '2023-09-26 17:24:52', '2023-09-26 17:24:52'),
	(474, 17, 1173, '2023-09-26 17:37:47', '2023-09-26 17:37:47'),
	(475, 17, 490, '2023-09-27 01:49:32', '2023-09-27 01:49:32'),
	(476, 17, 100, '2023-09-27 02:32:05', '2023-09-27 02:32:05'),
	(477, 17, 790, '2023-09-27 02:33:47', '2023-09-27 02:33:47'),
	(478, 17, 100, '2023-09-27 02:37:38', '2023-09-27 02:37:38'),
	(479, 17, 490, '2023-09-27 02:46:18', '2023-09-27 02:46:18'),
	(480, 17, 100, '2023-09-27 02:46:40', '2023-09-27 02:46:40'),
	(481, 10, 490, '2023-09-27 02:48:06', '2023-09-27 02:48:06'),
	(482, 10, 100, '2023-09-27 02:54:36', '2023-09-27 02:54:36'),
	(483, 18, 790, '2023-09-27 03:18:50', '2023-09-27 03:18:50'),
	(484, 18, 100, '2023-09-27 03:19:40', '2023-09-27 03:19:40'),
	(485, 18, 100, '2023-09-27 03:19:44', '2023-09-27 03:19:44'),
	(486, 18, 100, '2023-09-27 03:19:47', '2023-09-27 03:19:47'),
	(487, 18, 490, '2023-09-27 03:37:49', '2023-09-27 03:37:49'),
	(488, 18, 790, '2023-09-27 03:41:21', '2023-09-27 03:41:21'),
	(489, 17, 1173, '2023-09-27 03:55:09', '2023-09-27 03:55:09'),
	(490, 17, 790, '2023-09-27 03:56:14', '2023-09-27 03:56:14'),
	(491, 17, 490, '2023-09-27 05:19:17', '2023-09-27 05:19:17'),
	(492, 17, 790, '2023-09-27 05:19:28', '2023-09-27 05:19:28'),
	(493, 17, 490, '2023-09-27 05:32:54', '2023-09-27 05:32:54'),
	(494, 17, 100, '2023-09-27 05:33:01', '2023-09-27 05:33:01'),
	(495, 17, 490, '2023-09-27 06:56:31', '2023-09-27 06:56:31'),
	(496, 17, 1173, '2023-09-27 06:56:35', '2023-09-27 06:56:35'),
	(497, 17, 790, '2023-09-27 06:57:19', '2023-09-27 06:57:19'),
	(498, 17, 100, '2023-09-27 06:57:26', '2023-09-27 06:57:26'),
	(499, 17, 500000, '2023-09-27 06:57:36', '2023-09-27 06:57:36'),
	(500, 17, 490, '2023-09-27 06:58:44', '2023-09-27 06:58:44'),
	(501, 17, 100, '2023-09-27 06:58:51', '2023-09-27 06:58:51'),
	(502, 17, 100, '2023-09-27 06:59:37', '2023-09-27 06:59:37'),
	(503, 17, 30, '2023-09-27 06:59:46', '2023-09-27 06:59:46'),
	(504, 17, 490, '2023-09-27 07:01:07', '2023-09-27 07:01:07'),
	(505, 17, 100, '2023-09-27 07:01:11', '2023-09-27 07:01:11'),
	(506, 17, 100, '2023-09-27 07:01:16', '2023-09-27 07:01:16'),
	(507, 17, 490, '2023-09-27 07:18:08', '2023-09-27 07:18:08'),
	(508, 17, 100, '2023-09-27 07:18:11', '2023-09-27 07:18:11'),
	(509, 17, 1173, '2023-09-27 07:18:42', '2023-09-27 07:18:42'),
	(510, 17, 100, '2023-09-27 07:18:46', '2023-09-27 07:18:46'),
	(511, 17, 100, '2023-09-27 07:18:58', '2023-09-27 07:18:58'),
	(512, 17, 1173, '2023-09-27 07:19:06', '2023-09-27 07:19:06'),
	(513, 17, 100, '2023-09-27 16:01:49', '2023-09-27 16:01:49'),
	(514, 17, 450000, '2023-09-27 16:04:33', '2023-09-27 16:04:33'),
	(515, 17, 450000, '2023-09-27 17:05:29', '2023-09-27 17:05:29');

-- 傾印  資料表 malltest.cart_item 結構
CREATE TABLE IF NOT EXISTS `cart_item` (
  `cart_item_id` int(11) NOT NULL AUTO_INCREMENT,
  `cart_id` int(11) NOT NULL,
  `product_id` int(11) NOT NULL,
  `quantity` int(11) NOT NULL,
  `amount` int(11) NOT NULL,
  PRIMARY KEY (`cart_item_id`) USING BTREE
) ENGINE=InnoDB AUTO_INCREMENT=529 DEFAULT CHARSET=latin1 COLLATE=latin1_swedish_ci;

-- 正在傾印表格  malltest.cart_item 的資料：~527 rows (近似值)
INSERT INTO `cart_item` (`cart_item_id`, `cart_id`, `product_id`, `quantity`, `amount`) VALUES
	(2, 2, 4, 1, 600000),
	(3, 2, 10, 2, 1200000),
	(4, 3, 4, 1, 600000),
	(5, 3, 10, 2, 1200000),
	(6, 4, 4, 1, 600000),
	(7, 4, 10, 2, 1200000),
	(8, 5, 4, 1, 600000),
	(9, 5, 10, 2, 1200000),
	(10, 6, 4, 1, 600000),
	(11, 6, 10, 2, 1200000),
	(12, 7, 4, 1, 600000),
	(13, 7, 10, 2, 1200000),
	(14, 8, 4, 1, 600000),
	(15, 8, 10, 2, 1200000),
	(16, 9, 4, 1, 600000),
	(17, 10, 4, 1, 600000),
	(18, 11, 1, 1, 100000),
	(19, 12, 4, 1, 600000),
	(20, 13, 2, 1, 600000),
	(21, 14, 2, 1, 600000),
	(22, 15, 1, 1, 100000),
	(23, 16, 5, 1, 30),
	(24, 17, 5, 1, 30),
	(25, 18, 8, 1, 100000),
	(26, 19, 11, 1, 450000),
	(27, 20, 4, 1, 600000),
	(28, 21, 11, 1, 450000),
	(29, 22, 11, 1, 450000),
	(30, 23, 4, 1, 600000),
	(31, 24, 4, 1, 600000),
	(32, 25, 5, 1, 30),
	(33, 26, 5, 1, 30),
	(34, 27, 4, 1, 600000),
	(35, 28, 5, 1, 30),
	(36, 29, 5, 1, 30),
	(37, 30, 1, 1, 100000),
	(38, 31, 4, 1, 600000),
	(39, 32, 5, 1, 30),
	(40, 33, 5, 1, 30),
	(41, 34, 1, 1, 100000),
	(42, 35, 5, 1, 30),
	(43, 36, 6, 1, 300),
	(44, 37, 1, 1, 100000),
	(45, 38, 4, 4, 2400000),
	(46, 39, 5, 1, 30),
	(47, 40, 9, 2, 1000000),
	(48, 41, 9, 1, 500000),
	(49, 42, 4, 1, 600000),
	(50, 43, 4, 1, 600000),
	(51, 44, 4, 1, 600000),
	(52, 45, 4, 2, 1200000),
	(53, 46, 11, 1, 450000),
	(54, 47, 10, 1, 600000),
	(55, 48, 3, 1, 100000),
	(56, 49, 6, 1, 300),
	(57, 50, 7, 1, 10),
	(58, 51, 7, 1, 10),
	(59, 52, 11, 1, 450000),
	(60, 53, 4, 1, 600000),
	(61, 54, 4, 1, 600000),
	(62, 55, 4, 1, 600000),
	(63, 56, 4, 1, 600000),
	(64, 57, 6, 1, 300),
	(65, 58, 6, 1, 300),
	(66, 59, 6, 1, 300),
	(67, 60, 7, 1, 10),
	(68, 61, 7, 1, 10),
	(69, 62, 4, 1, 600000),
	(70, 63, 4, 1, 600000),
	(71, 64, 4, 1, 600000),
	(72, 65, 4, 1, 600000),
	(73, 66, 4, 1, 600000),
	(74, 67, 4, 1, 600000),
	(75, 68, 4, 1, 600000),
	(76, 69, 4, 1, 600000),
	(77, 70, 4, 1, 600000),
	(78, 71, 4, 1, 600000),
	(79, 72, 4, 1, 600000),
	(80, 73, 4, 1, 600000),
	(81, 74, 4, 1, 600000),
	(82, 75, 4, 1, 600000),
	(83, 76, 4, 1, 600000),
	(84, 77, 4, 1, 600000),
	(85, 78, 4, 1, 600000),
	(86, 79, 4, 1, 600000),
	(87, 80, 4, 1, 600000),
	(88, 81, 7, 1, 10),
	(89, 82, 7, 1, 10),
	(90, 83, 7, 1, 10),
	(91, 84, 7, 1, 10),
	(92, 85, 7, 1, 10),
	(93, 86, 7, 1, 10),
	(94, 87, 4, 1, 600000),
	(95, 88, 7, 1, 10),
	(96, 89, 4, 1, 600000),
	(97, 90, 4, 1, 600000),
	(98, 91, 7, 1, 10),
	(99, 92, 4, 1, 600000),
	(100, 93, 4, 1, 600000),
	(101, 94, 7, 1, 10),
	(102, 95, 4, 1, 600000),
	(103, 96, 4, 1, 600000),
	(104, 97, 7, 1, 10),
	(105, 98, 4, 1, 600000),
	(106, 99, 7, 1, 10),
	(107, 100, 4, 1, 600000),
	(108, 101, 4, 1, 600000),
	(109, 102, 10, 1, 600000),
	(110, 103, 1, 1, 100000),
	(111, 104, 1, 1, 100000),
	(112, 105, 10, 1, 600000),
	(113, 106, 9, 1, 500000),
	(114, 107, 4, 4, 2400000),
	(115, 108, 11, 1, 450000),
	(116, 109, 6, 1, 300),
	(117, 110, 9, 1, 500000),
	(118, 111, 5, 1, 30),
	(119, 112, 11, 1, 450000),
	(120, 113, 9, 1, 500000),
	(121, 114, 9, 1, 500000),
	(122, 115, 5, 1, 30),
	(123, 116, 2, 1, 600000),
	(124, 117, 9, 1, 500000),
	(125, 118, 5, 1, 30),
	(126, 119, 4, 1, 600000),
	(127, 120, 2, 1, 600000),
	(128, 121, 5, 1, 30),
	(129, 122, 11, 1, 450000),
	(130, 123, 5, 1, 30),
	(131, 124, 11, 1, 450000),
	(132, 125, 4, 1, 600000),
	(133, 126, 4, 1, 600000),
	(134, 127, 5, 1, 30),
	(135, 128, 11, 1, 450000),
	(136, 129, 5, 1, 30),
	(137, 130, 11, 1, 450000),
	(138, 131, 1, 1, 100000),
	(139, 132, 11, 1, 450000),
	(140, 133, 9, 1, 500000),
	(141, 134, 2, 1, 600000),
	(142, 135, 9, 1, 500000),
	(143, 136, 2, 1, 600000),
	(144, 137, 1, 1, 100000),
	(145, 138, 4, 1, 600000),
	(146, 139, 1, 1, 100000),
	(147, 140, 11, 1, 450000),
	(148, 141, 4, 1, 600000),
	(149, 142, 2, 1, 600000),
	(150, 143, 5, 1, 30),
	(151, 144, 11, 1, 450000),
	(152, 145, 1, 1, 100000),
	(153, 146, 4, 1, 600000),
	(154, 147, 4, 1, 600000),
	(155, 148, 1, 1, 100000),
	(156, 149, 1, 1, 100000),
	(157, 150, 9, 1, 500000),
	(158, 151, 1, 1, 100000),
	(159, 152, 11, 1, 450000),
	(160, 153, 5, 1, 30),
	(161, 154, 11, 1, 450000),
	(162, 155, 11, 1, 450000),
	(163, 156, 2, 1, 600000),
	(164, 157, 11, 1, 450000),
	(165, 158, 11, 1, 450000),
	(166, 159, 11, 1, 450000),
	(167, 160, 11, 1, 450000),
	(168, 161, 4, 1, 600000),
	(169, 162, 11, 1, 450000),
	(170, 163, 11, 1, 450000),
	(171, 164, 4, 1, 600000),
	(172, 164, 10, 2, 1200000),
	(173, 165, 4, 1, 600000),
	(174, 165, 10, 2, 1200000),
	(175, 166, 4, 1, 600000),
	(176, 166, 10, 2, 1200000),
	(177, 167, 11, 1, 450000),
	(178, 168, 11, 1, 450000),
	(179, 169, 11, 1, 450000),
	(180, 170, 2, 1, 600000),
	(181, 171, 9, 1, 500000),
	(182, 172, 9, 1, 500000),
	(183, 173, 3, 1, 100000),
	(184, 174, 2, 1, 600000),
	(185, 175, 1, 1, 100000),
	(186, 176, 10, 1, 600000),
	(187, 177, 11, 1, 450000),
	(188, 178, 2, 1, 600000),
	(189, 179, 4, 1, 600000),
	(190, 180, 9, 1, 500000),
	(191, 181, 11, 1, 450000),
	(192, 182, 9, 1, 500000),
	(193, 183, 10, 1, 600000),
	(194, 184, 2, 1, 600000),
	(195, 185, 9, 1, 500000),
	(196, 186, 11, 1, 450000),
	(197, 187, 1, 1, 100000),
	(198, 188, 4, 1, 600000),
	(199, 189, 9, 1, 500000),
	(200, 190, 9, 1, 500000),
	(201, 191, 7, 1, 10),
	(202, 192, 1, 1, 100000),
	(203, 193, 11, 1, 450000),
	(204, 194, 1, 1, 100000),
	(205, 195, 11, 1, 450000),
	(206, 196, 9, 1, 500000),
	(207, 197, 11, 1, 450000),
	(208, 198, 9, 1, 500000),
	(209, 199, 2, 1, 600000),
	(210, 200, 11, 1, 450000),
	(211, 201, 9, 1, 500000),
	(212, 202, 11, 1, 450000),
	(213, 203, 9, 1, 500000),
	(214, 204, 11, 1, 450000),
	(215, 205, 1, 1, 100000),
	(216, 206, 9, 1, 500000),
	(217, 207, 5, 1, 30),
	(218, 208, 2, 1, 600000),
	(219, 209, 1, 1, 100000),
	(220, 210, 11, 1, 450000),
	(221, 211, 9, 1, 500000),
	(222, 212, 11, 1, 450000),
	(223, 213, 9, 1, 500000),
	(224, 214, 11, 1, 450000),
	(225, 215, 9, 1, 500000),
	(226, 216, 11, 1, 450000),
	(227, 217, 9, 1, 500000),
	(228, 218, 11, 1, 450000),
	(229, 219, 1, 1, 100000),
	(230, 220, 11, 1, 450000),
	(231, 221, 1, 1, 100000),
	(232, 222, 11, 1, 450000),
	(233, 223, 9, 1, 500000),
	(234, 224, 11, 1, 450000),
	(235, 225, 1, 1, 100000),
	(236, 226, 11, 1, 450000),
	(237, 227, 9, 1, 500000),
	(238, 228, 11, 1, 450000),
	(239, 229, 1, 1, 100000),
	(240, 230, 11, 1, 450000),
	(241, 231, 1, 1, 100000),
	(242, 232, 2, 1, 600000),
	(243, 233, 11, 1, 450000),
	(244, 234, 1, 1, 100000),
	(245, 235, 11, 1, 450000),
	(246, 236, 4, 1, 600000),
	(247, 237, 2, 1, 600000),
	(248, 238, 4, 1, 600000),
	(249, 239, 1, 1, 100000),
	(250, 240, 11, 1, 450000),
	(251, 241, 4, 1, 600000),
	(252, 242, 11, 1, 450000),
	(253, 243, 9, 1, 500000),
	(254, 244, 9, 1, 500000),
	(255, 245, 9, 1, 500000),
	(256, 246, 9, 1, 500000),
	(257, 247, 11, 1, 450000),
	(258, 248, 11, 1, 450000),
	(259, 249, 11, 1, 450000),
	(260, 250, 2, 1, 600000),
	(261, 251, 2, 1, 600000),
	(262, 252, 2, 1, 600000),
	(263, 253, 2, 1, 600000),
	(264, 254, 2, 1, 600000),
	(265, 255, 2, 1, 600000),
	(266, 256, 2, 1, 600000),
	(267, 257, 2, 1, 600000),
	(268, 258, 2, 1, 600000),
	(269, 259, 2, 1, 600000),
	(270, 260, 2, 1, 600000),
	(271, 261, 2, 1, 600000),
	(272, 262, 2, 1, 600000),
	(273, 263, 2, 1, 600000),
	(274, 264, 2, 1, 600000),
	(275, 265, 2, 1, 600000),
	(276, 266, 2, 1, 600000),
	(277, 267, 2, 1, 600000),
	(278, 268, 2, 1, 600000),
	(279, 269, 2, 1, 600000),
	(280, 270, 2, 1, 600000),
	(281, 271, 2, 1, 600000),
	(282, 272, 2, 1, 600000),
	(283, 273, 11, 1, 450000),
	(284, 274, 1, 1, 100000),
	(285, 275, 4, 1, 600000),
	(286, 276, 11, 1, 450000),
	(287, 277, 4, 1, 600000),
	(288, 278, 11, 1, 450000),
	(289, 279, 1, 1, 100000),
	(290, 280, 9, 1, 500000),
	(291, 281, 9, 1, 500000),
	(292, 282, 9, 1, 500000),
	(293, 283, 2, 1, 600000),
	(294, 284, 9, 1, 500000),
	(295, 285, 1, 1, 100000),
	(296, 286, 1, 1, 100000),
	(297, 287, 4, 1, 600000),
	(298, 288, 4, 1, 600000),
	(299, 289, 4, 1, 600000),
	(300, 290, 4, 1, 600000),
	(301, 291, 4, 1, 600000),
	(302, 292, 4, 1, 600000),
	(303, 293, 11, 1, 450000),
	(304, 294, 11, 1, 450000),
	(305, 295, 11, 1, 450000),
	(306, 296, 11, 1, 450000),
	(307, 297, 11, 1, 450000),
	(308, 298, 11, 1, 450000),
	(309, 299, 11, 1, 450000),
	(310, 300, 2, 1, 600000),
	(311, 301, 2, 1, 600000),
	(312, 302, 2, 1, 600000),
	(313, 303, 8, 1, 100000),
	(314, 304, 8, 1, 100000),
	(315, 305, 9, 1, 500000),
	(316, 306, 4, 1, 600000),
	(317, 307, 4, 1, 600000),
	(318, 308, 4, 1, 600000),
	(319, 309, 4, 1, 600000),
	(320, 310, 4, 1, 600000),
	(321, 311, 4, 1, 600000),
	(322, 312, 4, 1, 600000),
	(323, 313, 4, 1, 600000),
	(324, 314, 4, 1, 600000),
	(325, 315, 4, 1, 600000),
	(326, 316, 4, 1, 600000),
	(327, 317, 4, 1, 600000),
	(328, 318, 4, 1, 600000),
	(329, 319, 4, 1, 600000),
	(330, 320, 4, 1, 600000),
	(331, 321, 4, 1, 600000),
	(332, 322, 4, 1, 600000),
	(333, 323, 9, 1, 500000),
	(334, 324, 9, 1, 500000),
	(335, 325, 9, 1, 500000),
	(336, 326, 9, 1, 500000),
	(337, 327, 9, 1, 500000),
	(338, 328, 9, 1, 500000),
	(339, 329, 9, 1, 500000),
	(340, 330, 9, 1, 500000),
	(341, 331, 9, 1, 500000),
	(342, 332, 11, 1, 450000),
	(343, 333, 11, 1, 450000),
	(344, 334, 11, 1, 450000),
	(345, 335, 11, 1, 450000),
	(346, 336, 11, 1, 450000),
	(347, 337, 9, 1, 500000),
	(348, 338, 4, 1, 600000),
	(349, 339, 5, 1, 30),
	(350, 340, 10, 1, 600000),
	(351, 341, 9, 1, 500000),
	(352, 342, 11, 1, 450000),
	(353, 343, 9, 1, 500000),
	(354, 344, 9, 1, 500000),
	(355, 345, 1, 1, 100000),
	(356, 346, 5, 1, 30),
	(357, 347, 2, 1, 600000),
	(358, 348, 1, 1, 100000),
	(359, 349, 11, 1, 450000),
	(360, 350, 4, 1, 600000),
	(361, 351, 4, 1, 600000),
	(362, 352, 11, 1, 450000),
	(363, 353, 9, 1, 500000),
	(364, 354, 11, 1, 450000),
	(365, 355, 2, 1, 600000),
	(366, 356, 5, 1, 30),
	(367, 357, 11, 1, 450000),
	(368, 358, 9, 1, 500000),
	(369, 359, 11, 1, 450000),
	(370, 360, 2, 1, 600000),
	(371, 361, 11, 1, 450000),
	(372, 362, 9, 1, 500000),
	(373, 363, 9, 1, 500000),
	(374, 364, 2, 1, 600000),
	(375, 365, 1, 1, 100000),
	(376, 366, 4, 1, 600000),
	(377, 367, 1, 1, 100000),
	(378, 368, 11, 1, 450000),
	(379, 369, 1, 1, 100000),
	(380, 370, 9, 1, 500000),
	(381, 371, 11, 1, 450000),
	(382, 372, 1, 1, 100000),
	(383, 373, 11, 1, 450000),
	(384, 374, 1, 1, 100000),
	(385, 375, 2, 1, 600000),
	(386, 376, 9, 1, 500000),
	(387, 377, 1, 1, 100000),
	(388, 378, 6, 1, 300),
	(389, 379, 2, 1, 600000),
	(390, 380, 1, 1, 100000),
	(391, 381, 11, 1, 450000),
	(392, 382, 9, 1, 500000),
	(393, 383, 11, 1, 450000),
	(394, 384, 11, 1, 450000),
	(395, 385, 9, 1, 500000),
	(396, 386, 9, 1, 500000),
	(397, 387, 11, 1, 450000),
	(398, 388, 1, 1, 100000),
	(399, 389, 11, 1, 450000),
	(400, 390, 11, 1, 450000),
	(401, 391, 11, 1, 450000),
	(402, 392, 11, 1, 450000),
	(403, 393, 2, 1, 600000),
	(404, 394, 2, 1, 600000),
	(405, 395, 11, 1, 450000),
	(406, 396, 11, 1, 450000),
	(407, 397, 11, 1, 450000),
	(408, 398, 2, 1, 600000),
	(409, 399, 1, 1, 100000),
	(410, 400, 5, 1, 30),
	(411, 401, 11, 1, 450000),
	(412, 402, 2, 1, 600000),
	(413, 403, 1, 1, 100000),
	(414, 404, 11, 1, 450000),
	(415, 405, 7, 1, 10),
	(416, 406, 9, 1, 500000),
	(417, 407, 2, 1, 600000),
	(418, 408, 2, 1, 600000),
	(419, 409, 2, 6, 3600000),
	(420, 410, 11, 1, 450000),
	(421, 411, 4, 1, 600000),
	(422, 412, 1, 1, 100000),
	(423, 413, 1, 1, 100000),
	(424, 414, 9, 1, 500000),
	(425, 415, 2, 1, 600000),
	(426, 416, 9, 1, 500000),
	(427, 417, 2, 1, 600000),
	(428, 418, 4, 1, 600000),
	(429, 419, 4, 1, 600000),
	(430, 420, 11, 1, 450000),
	(431, 421, 11, 1, 450000),
	(432, 422, 4, 1, 600000),
	(433, 423, 4, 1, 600000),
	(434, 424, 4, 1, 600000),
	(435, 425, 2, 1, 600000),
	(436, 426, 11, 1, 450000),
	(437, 427, 1, 1, 100000),
	(438, 428, 4, 1, 600000),
	(439, 429, 2, 1, 600000),
	(440, 430, 2, 1, 600000),
	(441, 431, 11, 1, 450000),
	(442, 432, 2, 1, 600000),
	(443, 433, 2, 1, 600000),
	(444, 434, 11, 1, 450000),
	(445, 435, 11, 1, 450000),
	(446, 436, 2, 1, 600000),
	(447, 437, 11, 1, 450000),
	(448, 438, 11, 1, 450000),
	(449, 439, 2, 1, 600000),
	(450, 440, 11, 1, 450000),
	(451, 441, 2, 1, 600000),
	(452, 442, 1, 1, 100000),
	(453, 443, 22, 1, 100),
	(454, 444, 22, 1, 100),
	(455, 445, 22, 1, 100),
	(456, 446, 22, 1, 100),
	(457, 447, 22, 1, 100),
	(458, 448, 22, 1, 100),
	(459, 449, 22, 1, 100),
	(460, 450, 22, 1, 100),
	(461, 451, 22, 1, 100),
	(462, 452, 28, 1, 3),
	(463, 453, 28, 1, 3),
	(464, 454, 4, 1, 600000),
	(465, 454, 10, 2, 1200000),
	(466, 455, 4, 1, 600000),
	(467, 455, 10, 2, 1200000),
	(468, 456, 4, 1, 600000),
	(469, 456, 10, 2, 1200000),
	(470, 457, 28, 1, 3),
	(471, 458, 28, 1, 3),
	(472, 459, 5, 1, 30),
	(473, 460, 27, 1, 100),
	(474, 461, 28, 1, 3),
	(475, 462, 23, 1, 100),
	(476, 463, 3, 1, 100000),
	(477, 464, 24, 1, 100),
	(478, 465, 23, 1, 100),
	(479, 466, 29, 1, 790),
	(480, 467, 25, 1, 100),
	(481, 468, 26, 1, 100),
	(482, 469, 30, 1, 490),
	(483, 470, 26, 1, 100),
	(484, 471, 25, 1, 100),
	(485, 472, 6, 1, 300),
	(486, 473, 29, 1, 790),
	(487, 474, 28, 1, 1173),
	(488, 475, 30, 1, 490),
	(489, 476, 26, 1, 100),
	(490, 477, 29, 1, 790),
	(491, 478, 27, 1, 100),
	(492, 479, 30, 1, 490),
	(493, 480, 26, 1, 100),
	(494, 481, 30, 1, 490),
	(495, 482, 26, 1, 100),
	(496, 483, 29, 1, 790),
	(497, 484, 26, 1, 100),
	(498, 485, 25, 1, 100),
	(499, 486, 27, 1, 100),
	(500, 487, 30, 1, 490),
	(501, 488, 29, 1, 790),
	(502, 489, 28, 1, 1173),
	(503, 490, 29, 1, 790),
	(504, 491, 30, 1, 490),
	(505, 492, 29, 1, 790),
	(506, 493, 30, 1, 490),
	(507, 494, 26, 1, 100),
	(508, 495, 30, 1, 490),
	(509, 496, 28, 1, 1173),
	(510, 497, 29, 1, 790),
	(511, 498, 25, 1, 100),
	(512, 499, 9, 1, 500000),
	(513, 500, 30, 1, 490),
	(514, 501, 16, 1, 100),
	(515, 502, 26, 1, 100),
	(516, 503, 5, 1, 30),
	(517, 504, 30, 1, 490),
	(518, 505, 25, 1, 100),
	(519, 506, 26, 1, 100),
	(520, 507, 30, 1, 490),
	(521, 508, 26, 1, 100),
	(522, 509, 28, 1, 1173),
	(523, 510, 25, 1, 100),
	(524, 511, 26, 1, 100),
	(525, 512, 28, 1, 1173),
	(526, 513, 34, 1, 100),
	(527, 514, 11, 1, 450000),
	(528, 515, 11, 1, 450000);

-- 傾印  資料表 malltest.category 結構
CREATE TABLE IF NOT EXISTS `category` (
  `category_id` int(11) NOT NULL AUTO_INCREMENT,
  `category_name` varchar(100) CHARACTER SET utf8mb4 COLLATE utf8mb4_bin DEFAULT NULL,
  PRIMARY KEY (`category_id`)
) ENGINE=InnoDB AUTO_INCREMENT=9 DEFAULT CHARSET=latin1 COLLATE=latin1_swedish_ci;

-- 正在傾印表格  malltest.category 的資料：~5 rows (近似值)
INSERT INTO `category` (`category_id`, `category_name`) VALUES
	(1, '美容補品'),
	(2, 'FOOD'),
	(3, '男生衣著'),
	(5, '鞋類'),
	(6, '女生衣著');

-- 傾印  資料表 malltest.employee 結構
CREATE TABLE IF NOT EXISTS `employee` (
  `employee_id` int(11) NOT NULL AUTO_INCREMENT,
  `email` varchar(255) CHARACTER SET utf8mb4 COLLATE utf8mb4_bin DEFAULT NULL,
  `password` varchar(255) CHARACTER SET utf8mb4 COLLATE utf8mb4_bin DEFAULT NULL,
  `job_title` varchar(255) CHARACTER SET utf8mb4 COLLATE utf8mb4_bin DEFAULT NULL,
  PRIMARY KEY (`employee_id`)
) ENGINE=InnoDB AUTO_INCREMENT=6 DEFAULT CHARSET=latin1 COLLATE=latin1_swedish_ci;

-- 正在傾印表格  malltest.employee 的資料：~5 rows (近似值)
INSERT INTO `employee` (`employee_id`, `email`, `password`, `job_title`) VALUES
	(1, 'hi1@gamil.com', '202cb962ac59075b964b07152d234b70', '編輯'),
	(2, 'hi2@gamil.com', '202cb962ac59075b964b07152d234b70', '編輯'),
	(3, 'hi3@gamil.com', '202cb962ac59075b964b07152d234b70', '編輯'),
	(4, 'cin@gmail.com', '827ccb0eea8a706c4c34a16891f84e7b', '蝦皮小編'),
	(5, 'Cindy.hsu@gmail.com', '99a804c491a32473be9ab659d7d84ee3', 'test');

-- 傾印  資料表 malltest.order 結構
CREATE TABLE IF NOT EXISTS `order` (
  `order_id` int(11) NOT NULL AUTO_INCREMENT,
  `user_id` int(11) NOT NULL,
  `total_amount` int(11) NOT NULL,
  `created_date` datetime NOT NULL,
  `last_modified_date` datetime NOT NULL,
  PRIMARY KEY (`order_id`)
) ENGINE=InnoDB AUTO_INCREMENT=52 DEFAULT CHARSET=latin1 COLLATE=latin1_swedish_ci;

-- 正在傾印表格  malltest.order 的資料：~51 rows (近似值)
INSERT INTO `order` (`order_id`, `user_id`, `total_amount`, `created_date`, `last_modified_date`) VALUES
	(1, 6, 100110, '2022-06-02 16:51:49', '2022-06-02 16:51:49'),
	(2, 1, 1800000, '2023-09-09 16:15:02', '2023-09-09 16:15:02'),
	(3, 1, 1800000, '2023-09-20 14:29:12', '2023-09-20 14:29:12'),
	(4, 10, 900000, '2023-09-20 14:37:26', '2023-09-20 14:37:26'),
	(5, 10, 450000, '2023-09-20 15:13:11', '2023-09-20 15:13:11'),
	(6, 10, 450000, '2023-09-20 15:20:57', '2023-09-20 15:20:57'),
	(7, 10, 450000, '2023-09-20 15:23:32', '2023-09-20 15:23:32'),
	(8, 10, 100000, '2023-09-20 15:29:04', '2023-09-20 15:29:04'),
	(9, 10, 30, '2023-09-20 15:29:47', '2023-09-20 15:29:47'),
	(10, 10, 450000, '2023-09-20 15:30:35', '2023-09-20 15:30:35'),
	(11, 10, 450000, '2023-09-20 15:31:09', '2023-09-20 15:31:09'),
	(12, 10, 600000, '2023-09-20 15:34:26', '2023-09-20 15:34:26'),
	(13, 10, 100000, '2023-09-20 15:35:27', '2023-09-20 15:35:27'),
	(14, 10, 450000, '2023-09-20 15:36:08', '2023-09-20 15:36:08'),
	(15, 10, 10, '2023-09-20 15:38:50', '2023-09-20 15:38:50'),
	(16, 10, 500000, '2023-09-20 15:42:09', '2023-09-20 15:42:09'),
	(17, 10, 450000, '2023-09-21 12:41:06', '2023-09-21 12:41:06'),
	(18, 10, 600000, '2023-09-21 12:41:39', '2023-09-21 12:41:39'),
	(19, 11, 600000, '2023-09-21 18:45:51', '2023-09-21 18:45:51'),
	(20, 11, 450000, '2023-09-22 00:56:15', '2023-09-22 00:56:15'),
	(21, 11, 600000, '2023-09-22 15:16:28', '2023-09-22 15:16:28'),
	(22, 11, 450000, '2023-09-22 15:17:15', '2023-09-22 15:17:15'),
	(23, 12, 600000, '2023-09-23 07:56:46', '2023-09-23 07:56:46'),
	(24, 10, 1900000, '2023-09-23 19:26:16', '2023-09-23 19:26:16'),
	(25, 1, 3, '2023-09-26 08:16:40', '2023-09-26 08:16:40'),
	(26, 13, 3, '2023-09-26 08:17:40', '2023-09-26 08:17:40'),
	(27, 12, 30, '2023-09-26 08:46:51', '2023-09-26 08:46:51'),
	(28, 1, 1800000, '2023-09-26 08:47:21', '2023-09-26 08:47:21'),
	(29, 1, 1800000, '2023-09-26 08:55:19', '2023-09-26 08:55:19'),
	(30, 1, 1800000, '2023-09-26 08:57:21', '2023-09-26 08:57:21'),
	(31, 13, 1800000, '2023-09-26 08:57:30', '2023-09-26 08:57:30'),
	(32, 13, 1800000, '2023-09-26 08:58:35', '2023-09-26 08:58:35'),
	(33, 12, 100, '2023-09-26 09:04:51', '2023-09-26 09:04:51'),
	(34, 12, 100103, '2023-09-26 09:12:37', '2023-09-26 09:12:37'),
	(35, 13, 1800000, '2023-09-26 14:19:35', '2023-09-26 14:19:35'),
	(36, 1, 200, '2023-09-26 15:32:50', '2023-09-26 15:32:50'),
	(37, 17, 5865, '2023-09-26 17:38:00', '2023-09-26 17:38:00'),
	(38, 17, 490, '2023-09-27 01:49:40', '2023-09-27 01:49:40'),
	(39, 17, 100, '2023-09-27 02:32:11', '2023-09-27 02:32:11'),
	(40, 17, 790, '2023-09-27 02:34:00', '2023-09-27 02:34:00'),
	(41, 17, 100, '2023-09-27 02:37:52', '2023-09-27 02:37:52'),
	(42, 17, 490, '2023-09-27 02:46:24', '2023-09-27 02:46:24'),
	(43, 17, 100, '2023-09-27 02:46:48', '2023-09-27 02:46:48'),
	(44, 10, 490, '2023-09-27 02:48:11', '2023-09-27 02:48:11'),
	(45, 10, 100, '2023-09-27 02:54:42', '2023-09-27 02:54:42'),
	(46, 18, 1880, '2023-09-27 03:37:08', '2023-09-27 03:37:08'),
	(47, 18, 490, '2023-09-27 03:38:05', '2023-09-27 03:38:05'),
	(48, 18, 790, '2023-09-27 03:41:29', '2023-09-27 03:41:29'),
	(49, 17, 890, '2023-09-27 07:01:40', '2023-09-27 07:01:40'),
	(50, 17, 100, '2023-09-27 16:01:55', '2023-09-27 16:01:55'),
	(51, 17, 450000, '2023-09-27 17:06:01', '2023-09-27 17:06:01');

-- 傾印  資料表 malltest.order_item 結構
CREATE TABLE IF NOT EXISTS `order_item` (
  `order_item_id` int(11) NOT NULL AUTO_INCREMENT,
  `order_id` int(11) NOT NULL,
  `product_id` int(11) NOT NULL,
  `quantity` int(11) NOT NULL,
  `amount` int(11) NOT NULL,
  PRIMARY KEY (`order_item_id`)
) ENGINE=InnoDB AUTO_INCREMENT=71 DEFAULT CHARSET=latin1 COLLATE=latin1_swedish_ci;

-- 正在傾印表格  malltest.order_item 的資料：~70 rows (近似值)
INSERT INTO `order_item` (`order_item_id`, `order_id`, `product_id`, `quantity`, `amount`) VALUES
	(1, 1, 4, 2, 60),
	(2, 1, 6, 5, 50),
	(3, 1, 7, 1, 100000),
	(4, 2, 4, 1, 600000),
	(5, 2, 10, 2, 1200000),
	(6, 3, 4, 1, 600000),
	(7, 3, 10, 2, 1200000),
	(8, 4, 11, 1, 450000),
	(9, 4, 11, 1, 450000),
	(10, 5, 11, 1, 450000),
	(11, 6, 11, 1, 450000),
	(12, 7, 11, 1, 450000),
	(13, 8, 1, 1, 100000),
	(14, 9, 5, 1, 30),
	(15, 10, 11, 1, 450000),
	(16, 11, 11, 1, 450000),
	(17, 12, 2, 1, 600000),
	(18, 13, 1, 1, 100000),
	(19, 14, 11, 1, 450000),
	(20, 15, 7, 1, 10),
	(21, 16, 9, 1, 500000),
	(22, 17, 11, 1, 450000),
	(23, 18, 4, 1, 600000),
	(24, 19, 2, 1, 600000),
	(25, 20, 11, 1, 450000),
	(26, 21, 2, 1, 600000),
	(27, 22, 11, 1, 450000),
	(28, 23, 2, 1, 600000),
	(29, 24, 2, 3, 1800000),
	(30, 24, 1, 1, 100000),
	(31, 25, 28, 1, 3),
	(32, 26, 28, 1, 3),
	(33, 27, 5, 1, 30),
	(34, 28, 4, 1, 600000),
	(35, 28, 10, 2, 1200000),
	(36, 29, 4, 1, 600000),
	(37, 29, 10, 2, 1200000),
	(38, 30, 4, 1, 600000),
	(39, 30, 10, 2, 1200000),
	(40, 31, 4, 1, 600000),
	(41, 31, 10, 2, 1200000),
	(42, 32, 4, 1, 600000),
	(43, 32, 10, 2, 1200000),
	(44, 33, 27, 1, 100),
	(45, 34, 28, 1, 3),
	(46, 34, 23, 1, 100),
	(47, 34, 3, 1, 100000),
	(48, 35, 4, 1, 600000),
	(49, 35, 10, 2, 1200000),
	(50, 36, 24, 1, 100),
	(51, 36, 23, 1, 100),
	(52, 37, 28, 5, 5865),
	(53, 38, 30, 1, 490),
	(54, 39, 26, 1, 100),
	(55, 40, 29, 1, 790),
	(56, 41, 27, 1, 100),
	(57, 42, 30, 1, 490),
	(58, 43, 26, 1, 100),
	(59, 44, 30, 1, 490),
	(60, 45, 26, 1, 100),
	(61, 46, 29, 2, 1580),
	(62, 46, 25, 2, 200),
	(63, 46, 27, 1, 100),
	(64, 47, 30, 1, 490),
	(65, 48, 29, 1, 790),
	(66, 49, 30, 1, 490),
	(67, 49, 25, 1, 100),
	(68, 49, 26, 3, 300),
	(69, 50, 34, 1, 100),
	(70, 51, 11, 1, 450000);

-- 傾印  資料表 malltest.product 結構
CREATE TABLE IF NOT EXISTS `product` (
  `product_id` int(11) NOT NULL AUTO_INCREMENT,
  `product_name` varchar(128) CHARACTER SET utf8mb4 COLLATE utf8mb4_bin NOT NULL,
  `category_id` int(11) NOT NULL,
  `image_url` varchar(256) CHARACTER SET utf8mb4 COLLATE utf8mb4_bin NOT NULL,
  `price` decimal(20,6) NOT NULL DEFAULT 0.000000,
  `stock` decimal(20,6) NOT NULL DEFAULT 0.000000,
  `description` varchar(1024) CHARACTER SET utf8mb4 COLLATE utf8mb4_bin DEFAULT NULL,
  `created_date` datetime NOT NULL,
  `last_modified_date` datetime NOT NULL,
  `status` varchar(32) NOT NULL,
  PRIMARY KEY (`product_id`)
) ENGINE=InnoDB AUTO_INCREMENT=36 DEFAULT CHARSET=latin1 COLLATE=latin1_swedish_ci;

-- 正在傾印表格  malltest.product 的資料：~16 rows (近似值)
INSERT INTO `product` (`product_id`, `product_name`, `category_id`, `image_url`, `price`, `stock`, `description`, `created_date`, `last_modified_date`, `status`) VALUES
	(1, 'Toyota', 3, 'https://cdn.pixabay.com/photo/2014/05/18/19/13/toyota-347288_1280.jpg', 100000.000000, 88.000000, '蝦皮購物是台灣首屈一指的電商平台，多樣服務包括蝦皮商城、蝦皮超市、蝦皮直送等，更陸續設立蝦皮店到店，提供取貨新選擇，服務更升級！簡易操作介面、清楚的商品評價讓你輕鬆選好物。在蝦皮下單後，透過訂單詳情可以隨時進行包裹查詢，無需擔心收不到你所訂購的商品！蝦皮更承諾保障你的交易安全，提供多種安全可靠的付款方式，街口支付、等行動支付超方便！趕快到蝦皮購物使用多到不行的運費折抵優惠券，並且訂閱蝦拼Plus享$199起免運吃到飽，開啟全新的購物體驗！', '2022-03-20 09:20:00', '2023-09-23 19:26:16', 'ON_SHELF'),
	(2, 'Benz', 3, 'https://cdn.pixabay.com/photo/2017/03/27/14/56/auto-2179220_1280.jpg', 600000.000000, 87.000000, NULL, '2022-03-21 20:10:00', '2023-09-23 19:26:16', 'ON_SHELF'),
	(3, 'Toyota', 3, 'https://cdn.pixabay.com/photo/2014/05/18/19/13/toyota-347288_1280.jpg', 100000.000000, 999.000000, NULL, '2022-03-20 09:20:00', '2023-09-26 09:12:37', 'ON_SHELF'),
	(7, '好吃又鮮甜的蘋果橘子', 2, 'https://cdn.pixabay.com/photo/2021/07/30/04/17/orange-6508617_1280.jpg', 10.000000, 34.000000, NULL, '2022-03-20 09:00:00', '2023-09-20 15:38:50', 'ON_SHELF'),
	(8, 'Toyota', 3, 'https://cdn.pixabay.com/photo/2014/05/18/19/13/toyota-347288_1280.jpg', 100000.000000, 1000.000000, NULL, '2022-03-20 09:20:00', '2023-09-12 10:13:22', 'ON_SHELF'),
	(9, 'BMW', 3, 'https://cdn.pixabay.com/photo/2018/02/21/03/15/bmw-m4-3169357_1280.jpg', 500000.000000, 91.000000, '渦輪增壓，直列4缸，DOHC雙凸輪軸，16氣門', '2022-03-20 12:30:00', '2023-09-20 15:42:09', 'ON_SHELF'),
	(10, 'Benz', 3, 'https://cdn.pixabay.com/photo/2017/03/27/14/56/auto-2179220_1280.jpg', 600000.000000, 69.000000, NULL, '2022-03-21 20:10:00', '2023-09-26 14:19:35', 'ON_SHELF'),
	(11, 'Tesla', 3, 'https://cdn.pixabay.com/photo/2021/01/15/16/49/tesla-5919764_1280.jpg', 450000.000000, 70.000000, '世界最暢銷的充電式汽車', '2022-03-21 23:30:00', '2023-09-27 17:06:01', 'ON_SHELF'),
	(12, 'Waffle1', 2, 'https://images.unsplash.com/photo-1558584724-0e4d32ca55a4?ixlib=rb-4.0.3&ixid=M3wxMjA3fDB8MHxzZWFyY2h8M3x8V2FmZmxlfGVufDB8fDB8fHww&auto=format&fit=crop&w=600&q=60', 100.000000, 100.000000, NULL, '2023-09-25 13:43:28', '2023-09-25 13:43:28', 'OFF_SHELF'),
	(13, 'Waffle1', 2, 'https://images.unsplash.com/photo-1558584724-0e4d32ca55a4?ixlib=rb-4.0.3&ixid=M3wxMjA3fDB8MHxzZWFyY2h8M3x8V2FmZmxlfGVufDB8fDB8fHww&auto=format&fit=crop&w=600&q=60', 100.000000, 100.000000, NULL, '2023-09-25 13:46:47', '2023-09-25 13:46:47', 'OFF_SHELF'),
	(19, 'test3', 2, 'https://images.unsplash.com/photo-1558584724-0e4d32ca55a4?ixlib=rb-4.0.3&ixid=M3wxMjA3fDB8MHxzZWFyY2h8M3x8V2FmZmxlfGVufDB8fDB8fHww&auto=format&fit=crop&w=600&q=60', 100.000000, 100.000000, NULL, '2023-09-25 14:12:14', '2023-09-25 14:12:14', 'ON_SHELF'),
	(22, 'test6', 2, 'https://images.unsplash.com/photo-1558584724-0e4d32ca55a4?ixlib=rb-4.0.3&ixid=M3wxMjA3fDB8MHxzZWFyY2h8M3x8V2FmZmxlfGVufDB8fDB8fHww&auto=format&fit=crop&w=600&q=60', 100.000000, 100.000000, NULL, '2023-09-25 14:15:57', '2023-09-26 16:45:20', 'OFF_SHELF'),
	(32, 'test18', 2, 'https://images.unsplash.com/photo-1558584724-0e4d32ca55a4?ixlib=rb-4.0.3&ixid=M3wxMjA3fDB8MHxzZWFyY2h8M3x8V2FmZmxlfGVufDB8fDB8fHww&auto=format&fit=crop&w=600&q=60', 100.000000, 100.000000, NULL, '2023-09-27 12:25:32', '2023-09-27 12:25:32', 'ON_SHELF'),
	(33, 'test9', 2, 'https://images.unsplash.com/photo-1558584724-0e4d32ca55a4?ixlib=rb-4.0.3&ixid=M3wxMjA3fDB8MHxzZWFyY2h8M3x8V2FmZmxlfGVufDB8fDB8fHww&auto=format&fit=crop&w=600&q=60', 100.000000, 100.000000, NULL, '2023-09-27 12:34:34', '2023-09-27 13:42:50', 'ON_SHELF'),
	(34, 'test9', 2, 'https://images.unsplash.com/photo-1558584724-0e4d32ca55a4?ixlib=rb-4.0.3&ixid=M3wxMjA3fDB8MHxzZWFyY2h8M3x8V2FmZmxlfGVufDB8fDB8fHww&auto=format&fit=crop&w=600&q=60', 100.000000, 99.000000, NULL, '2023-09-27 14:11:12', '2023-09-27 16:01:55', 'ON_SHELF'),
	(35, '發', 2, '發', 4.000000, 4.000000, NULL, '2023-09-27 14:34:14', '2023-09-27 14:34:14', 'ON_SHELF');

-- 傾印  資料表 malltest.user 結構
CREATE TABLE IF NOT EXISTS `user` (
  `user_id` int(11) NOT NULL AUTO_INCREMENT,
  `email` varchar(256) CHARACTER SET utf8mb4 COLLATE utf8mb4_bin NOT NULL,
  `password` varchar(256) CHARACTER SET utf8mb4 COLLATE utf8mb4_bin NOT NULL,
  `created_date` datetime NOT NULL,
  `last_modified_date` datetime NOT NULL,
  PRIMARY KEY (`user_id`),
  UNIQUE KEY `email` (`email`)
) ENGINE=InnoDB AUTO_INCREMENT=40 DEFAULT CHARSET=latin1 COLLATE=latin1_swedish_ci;

-- 正在傾印表格  malltest.user 的資料：~19 rows (近似值)
INSERT INTO `user` (`user_id`, `email`, `password`, `created_date`, `last_modified_date`) VALUES
	(1, 'John@gmail.com', '7c6a180b36896a0a8c02787eeafb0e4c', '2023-09-28 00:33:40', '2023-09-28 00:33:40'),
	(2, 'Alice@gmail.com', '6cb75f652a9b52798eb6cf2201057c73', '2023-09-28 00:33:53', '2023-09-28 00:33:53'),
	(3, 'Bob@gmail.com', '819b0643d6b89dc9b579fdfc9094f28e', '2023-09-28 00:33:58', '2023-09-28 00:33:58'),
	(4, 'Eva@gmail.com', '34cc93ece0ba9e3f6f235d4af979b16c', '2023-09-28 00:34:03', '2023-09-28 00:34:03'),
	(5, 'Daniel@gmail.com', 'db0edd04aaac4506f7edab03ac855d56', '2023-09-28 00:34:10', '2023-09-28 00:34:10'),
	(6, 'Sophia@gmail.com', '218dd27aebeccecae69ad8408d9a36bf', '2023-09-28 00:34:14', '2023-09-28 00:34:14'),
	(7, 'Liam@gmail.com', '00cdb7bb942cf6b290ceb97d6aca64a3', '2023-09-28 00:34:22', '2023-09-28 00:34:22'),
	(8, 'Olivia@gmail.com', 'b25ef06be3b6948c0bc431da46c2c738', '2023-09-28 00:34:28', '2023-09-28 00:34:28'),
	(9, 'Noah@gmail.com', '5d69dd95ac183c9643780ed7027d128a', '2023-09-28 00:34:32', '2023-09-28 00:34:32'),
	(10, 'Ava@gmail.com', '87e897e3b54a405da144968b2ca19b45', '2023-09-28 00:34:36', '2023-09-28 00:34:36'),
	(11, 'Mia@gmail.com', '1e5c2776cf544e213c3d279c40719643', '2023-09-28 00:34:42', '2023-09-28 00:34:42'),
	(12, 'Lucas@gmail.com', 'c24a542f884e144451f9063b79e7994e', '2023-09-28 00:34:46', '2023-09-28 00:34:46'),
	(13, 'Isabella@gmail.com', 'ee684912c7e588d03ccb40f17ed080c9', '2023-09-28 00:34:54', '2023-09-28 00:34:54'),
	(14, 'Emma@gmail.com', '9141fea0574f83e190ab7479d516630d', '2023-09-28 00:36:46', '2023-09-28 00:36:46'),
	(15, 'Henry@gmail.com', '2b40aaa979727c43411c305540bbed50', '2023-09-28 00:36:53', '2023-09-28 00:36:53'),
	(16, 'Charlotte@gmail.com', 'a63f9709abc75bf8bd8f6e1ba9992573', '2023-09-28 00:36:58', '2023-09-28 00:36:58'),
	(17, 'Michael@gmail.com', '80b8bdceb474b5127b6aca386bb8ce14', '2023-09-28 00:37:07', '2023-09-28 00:37:07'),
	(18, 'Ella@gmail.com', 'e532ae6f28f4c2be70b500d3d34724eb', '2023-09-28 00:37:56', '2023-09-28 00:37:56'),
	(19, 'William@gmail.com', 'aee67d9bb569ad1562f7b67cfccbd2ef', '2023-09-28 00:38:31', '2023-09-28 00:38:31');

-- 傾印  資料表 malltest.user_details 結構
CREATE TABLE IF NOT EXISTS `user_details` (
  `user_details_id` int(11) NOT NULL AUTO_INCREMENT,
  `user_id` int(11) DEFAULT NULL,
  `name` varchar(50) CHARACTER SET utf8mb4 COLLATE utf8mb4_bin DEFAULT NULL,
  `address` varchar(50) CHARACTER SET utf8mb4 COLLATE utf8mb4_bin DEFAULT NULL,
  `phone` varchar(50) CHARACTER SET utf8mb4 COLLATE utf8mb4_bin DEFAULT NULL,
  PRIMARY KEY (`user_details_id`)
) ENGINE=InnoDB AUTO_INCREMENT=76 DEFAULT CHARSET=latin1 COLLATE=latin1_swedish_ci;

-- 正在傾印表格  malltest.user_details 的資料：~1 rows (近似值)
INSERT INTO `user_details` (`user_details_id`, `user_id`, `name`, `address`, `phone`) VALUES
	(75, 13, 'John', '台北市大安區忠孝東路一段123號', '0912345678');

/*!40103 SET TIME_ZONE=IFNULL(@OLD_TIME_ZONE, 'system') */;
/*!40101 SET SQL_MODE=IFNULL(@OLD_SQL_MODE, '') */;
/*!40014 SET FOREIGN_KEY_CHECKS=IFNULL(@OLD_FOREIGN_KEY_CHECKS, 1) */;
/*!40101 SET CHARACTER_SET_CLIENT=@OLD_CHARACTER_SET_CLIENT */;
/*!40111 SET SQL_NOTES=IFNULL(@OLD_SQL_NOTES, 1) */;
